Workbook

Sheet tabla
A1: CARÁCTER | B1: 0 | C1: 1 | D1: 2 | E1: 3 | F1: 4 | G1: 5 | H1: 6 | I1: 7 | J1: 8 | K1: 9 | L1: A | M1: B | N1: C | O1: D | P1: E | Q1: F | R1: G | S1: H | T1: I | U1: J | V1: K | W1: L | X1: M | Y1: N | Z1: Ñ | AA1: O | AB1: P | AC1: Q | AD1: R | AE1: S | AF1: T | AG1: U | AH1: V | AI1: W | AJ1: X | AK1: Y | AL1: Z
A2: VALOR | B2: 0 | C2: 1 | D2: 2 | E2: 3 | F2: 4 | G2: 5 | H2: 6 | I2: 7 | J2: 8 | K2: 9 | L2: 10 | M2: 11 | N2: 12 | O2: 13 | P2: 14 | Q2: 15 | R2: 16 | S2: 17 | T2: 18 | U2: 19 | V2: 20 | W2: 21 | X2: 22 | Y2: 23 | Z2: 24 | AA2: 25 | AB2: 26 | AC2: 27 | AD2: 28 | AE2: 29 | AF2: 30 | AG2: 31 | AH2: 32 | AI2: 33 | AJ2: 34 | AK2: 35 | AL2: 36

Sheet verificador
A1: CURP | B1: M | C1: E | D1: Q | E1: J | F1: 1 | G1: 3 | H1: 0 | I1: 4 | J1: 0 | K1: 3 | L1: H | M1: D | N1: F | O1: N | P1: R | Q1: R | R1: 0 | S1: 3
A2: VALOR | B2: =HLOOKUP(B1,tabla!$B$1:$AL$2,2,0) -> 22 | C2: =HLOOKUP(C1,tabla!$B$1:$AL$2,2,0) -> 14 | D2: =HLOOKUP(D1,tabla!$B$1:$AL$2,2,0) -> 27 | E2: =HLOOKUP(E1,tabla!$B$1:$AL$2,2,0) -> 19 | F2: =HLOOKUP(F1,tabla!$B$1:$AL$2,2,0) -> 1 | G2: =HLOOKUP(G1,tabla!$B$1:$AL$2,2,0) -> 3 | H2: =HLOOKUP(H1,tabla!$B$1:$AL$2,2,0) -> 0 | I2: =HLOOKUP(I1,tabla!$B$1:$AL$2,2,0) -> 4 | ... S2: =HLOOKUP(S1,tabla!$B$1:$AL$2,2,0) -> 3 | AJ2: 1
A3: Multiplicador | B3: 18 | C3: 17 | D3: 16 | E3: 15 | F3: 14 | G3: 13 | H3: 12 | I3: 11 | J3: 10 | K3: 9 | L3: 8 | M3: 7 | N3: 6 | O3: 5 | P3: 4 | Q3: 3 | R3: 2 | S3: 1 | U3: No verificador
A4: Suma | B4: =B2*B3 -> 396 | C4: =C2*C3 -> 238 | D4: =D2*D3 -> 432 | E4: =E2*E3 -> 285 | F4: =F2*F3 -> 14 | G4: =G2*G3 -> 39 | H4: =H2*H3 -> 0 | I4: =I2*I3 -> 44 | ... R4: =R2*R3 -> 0 | T4: =SUM(B4:R4) -> 2103 | U4: =MOD(T4,10) -> 3
